feature,x,phi
sinr_serv,6.3795,1.15744
sinr_serv,9.7661,3.03836
sinr_serv,13.1527,1.68431
sinr_serv,16.5392,0.55219
sinr_serv,19.9258,1.34099
sinr_serv,23.3124,-2.51527
sinr_serv,26.6989,-2.78516
sinr_serv,30.0855,-3.34236
sinr_chal,12.9293,-2.27054
sinr_chal,15.4327,-3.95057
sinr_chal,17.9362,-3.42747
sinr_chal,20.4396,-0.32563
sinr_chal,22.9431,1.16464
sinr_chal,25.4465,5.46776
sinr_chal,27.95,5.87215
sinr_chal,30.4534,4.80075
dsinr,-10.8938,-1.73423
dsinr,-7.2019,-2.87909
dsinr,-3.51,-4.35646
dsinr,0.182,-2.21911
dsinr,3.8739,3.85401
dsinr,7.5658,3.30102
dsinr,11.2577,1.78108
dsinr,14.9496,1.50488
el_serv,13.507,1.11312
el_serv,23.9653,1.38161
el_serv,34.4235,3.20917
el_serv,44.8817,0.9195
el_serv,55.34,-1.24014
el_serv,65.7982,-1.94122
el_serv,76.2565,-2.51068
el_serv,86.7147,-2.30517
visrem_serv,1.0,1.90883
visrem_serv,5.2857,-3.30013
visrem_serv,9.5714,2.72749
visrem_serv,13.8571,2.08641
visrem_serv,18.1429,-1.87825
visrem_serv,22.4286,-1.96388
visrem_serv,26.7143,-3.66079
visrem_serv,31.0,11.17492
visrem_chal,1.0,-0.35334
visrem_chal,6.0,-2.01165
visrem_chal,11.0,-0.6211
visrem_chal,16.0,0.04601
visrem_chal,21.0,2.5006
visrem_chal,26.0,-1.39026
visrem_chal,31.0,-1.41122
visrem_chal,36.0,-0.92277
serv_visible,1.0,0.10903
serv_visible,1.1429,0.00873
serv_visible,1.2857,0.01055
serv_visible,1.4286,0.00178
serv_visible,1.5714,-0.0023
serv_visible,1.7143,-0.00392
serv_visible,1.8571,0.00543
serv_visible,2.0,-0.00395
ho_is_pingpong,0.0,0.1043
ho_is_pingpong,0.1429,0.00744
ho_is_pingpong,0.2857,0.01521
ho_is_pingpong,0.4286,0.03411
ho_is_pingpong,0.5714,-0.01531
ho_is_pingpong,0.7143,-0.01234
ho_is_pingpong,0.8571,0.0182
ho_is_pingpong,1.0,-0.07265
