method,train_seed,test_scen,J,gap,pingpong,HO,macroF1
KAN,0,5,-2415.03,0.726,6,47,0.8686
MLP,0,5,-2407.98,1.016,10,54,0.8627
KAN,0,6,-2356.89,1.016,6,48,0.8793
MLP,0,6,-2366.29,0.621,7,53,0.9063
KAN,0,7,-2353.13,0.775,6,47,0.8336
MLP,0,7,-2347.44,1.014,7,54,0.8292
KAN,0,8,-2382.74,0.858,7,49,0.8793
MLP,0,8,-2385.79,0.731,6,51,0.871
KAN,0,9,-2429.06,1.309,13,54,0.8545
MLP,0,9,-2430.59,1.247,12,52,0.8275
KAN,1,5,-2383.96,2.004,1,45,0.8147
MLP,1,5,-2400.84,1.31,1,45,0.8439
KAN,1,6,-2343.22,1.59,2,55,0.8145
MLP,1,6,-2356.84,1.018,4,55,0.831
KAN,1,7,-2342.86,1.207,3,47,0.8511
MLP,1,7,-2353.79,0.746,4,51,0.8799
KAN,1,8,-2366.47,1.535,2,52,0.8032
MLP,1,8,-2374.53,1.2,3,52,0.8275
KAN,1,9,-2409.18,2.117,5,50,0.8254
MLP,1,9,-2440.9,0.829,5,47,0.8853
KAN,2,5,-2414.05,0.767,7,53,0.8975
MLP,2,5,-2407.49,1.036,7,46,0.8511
KAN,2,6,-2346.97,1.433,5,49,0.7808
MLP,2,6,-2358.66,0.942,7,47,0.8521
KAN,2,7,-2350.18,0.899,4,45,0.8347
MLP,2,7,-2348.15,0.984,5,49,0.8374
KAN,2,8,-2373.93,1.225,8,49,0.853
MLP,2,8,-2374.08,1.219,8,48,0.8347
KAN,2,9,-2440.63,0.839,8,48,0.8173
MLP,2,9,-2434.46,1.09,9,50,0.8357
KAN,3,5,-2407.52,1.035,4,51,0.8882
MLP,3,5,-2413.17,0.803,4,45,0.8945
KAN,3,6,-2363.65,0.732,5,53,0.9233
MLP,3,6,-2348.83,1.354,4,45,0.8254
KAN,3,7,-2342.46,1.224,6,50,0.8686
MLP,3,7,-2346.01,1.075,5,46,0.7954
KAN,3,8,-2372.62,1.279,7,46,0.8392
MLP,3,8,-2368.14,1.465,7,48,0.8184
KAN,3,9,-2420.42,1.66,13,51,0.7999
MLP,3,9,-2440.09,0.861,6,43,0.8179
KAN,4,5,-2420.05,0.52,6,54,0.915
MLP,4,5,-2420.59,0.498,7,56,0.9152
KAN,4,6,-2368.54,0.527,7,49,0.9306
MLP,4,6,-2357.76,0.979,11,55,0.8896
KAN,4,7,-2343.49,1.181,6,54,0.8639
MLP,4,7,-2343.47,1.182,8,59,0.8653
KAN,4,8,-2370.28,1.377,8,59,0.8227
MLP,4,8,-2377.51,1.076,12,65,0.8571
KAN,4,9,-2433.56,1.126,9,53,0.871
MLP,4,9,-2435.19,1.06,12,62,0.8396
max-SINR,-1,5,-2397.08,1.464,17,67,
max-SINR,-1,6,-2348.34,1.375,14,69,
max-SINR,-1,7,-2309.91,2.597,26,79,
max-SINR,-1,8,-2363.43,1.662,20,73,
max-SINR,-1,9,-2416.17,1.833,22,69,
max-elev,-1,5,-2303.85,5.296,0,25,
max-elev,-1,6,-2261.76,5.011,0,25,
max-elev,-1,7,-2281.22,3.807,0,25,
max-elev,-1,8,-2292.99,4.592,0,25,
max-elev,-1,9,-2385.53,3.078,0,25,
